{"cameraMode":{"drawMode":0,"name":"Shaded","section":"Shading Mode"},"sceneLighting":false,"audioPlay":false,"sceneViewState":{"m_AlwaysRefresh":false,"showFog":true,"showSkybox":false,"showFlares":true,"showImageEffects":true,"showParticleSystems":true,"showVisualEffectGraphs":true,"m_FxEnabled":true},"in2DMode":false,"pivot":{"x":10.239999771118164,"y":3.299999713897705,"z":18.34000015258789},"rotation":{"x":-0.002395008224993944,"y":0.987977147102356,"z":-0.15386970341205598,"w":-0.015416827984154225},"size":1.3302721977233887,"orthographic":false}