{"cameraMode":{"drawMode":0,"name":"Shaded","section":"Shading Mode"},"sceneLighting":false,"audioPlay":false,"sceneViewState":{"m_AlwaysRefresh":false,"showFog":true,"showSkybox":false,"showFlares":true,"showImageEffects":true,"showParticleSystems":true,"showVisualEffectGraphs":true,"m_FxEnabled":true},"in2DMode":false,"pivot":{"x":-37.49170684814453,"y":-17.640851974487306,"z":73.02608489990235},"rotation":{"x":0.4935325086116791,"y":0.19316670298576356,"z":-0.11343158036470413,"w":0.8403920531272888},"size":0.36701810359954836,"orthographic":false}