{"cameraMode":{"drawMode":0,"name":"Shaded","section":"Shading Mode"},"sceneLighting":true,"audioPlay":false,"sceneViewState":{"m_AlwaysRefresh":false,"showFog":true,"showSkybox":true,"showFlares":true,"showImageEffects":true,"showParticleSystems":true,"showVisualEffectGraphs":true,"m_FxEnabled":true},"in2DMode":false,"pivot":{"x":0.055892348289489749,"y":1.5948848724365235,"z":0.03226745128631592},"rotation":{"x":-0.057234808802604678,"y":-0.038330111652612689,"z":0.0022022423800081016,"w":-0.9976086020469666},"size":18.62925910949707,"orthographic":false}