{"cameraMode":{"drawMode":0,"name":"Shaded","section":"Shading Mode"},"sceneLighting":true,"audioPlay":false,"sceneViewState":{"m_AlwaysRefresh":false,"showFog":true,"showSkybox":true,"showFlares":true,"showImageEffects":true,"showParticleSystems":true,"showVisualEffectGraphs":true,"m_FxEnabled":true},"in2DMode":false,"pivot":{"x":-4.64456844329834,"y":8.203241348266602,"z":1.3524913787841797},"rotation":{"x":0.14052936434745789,"y":-0.007425455376505852,"z":0.0010538515634834767,"w":0.990047812461853},"size":13.906943321228028,"orthographic":false}