{"cameraMode":{"drawMode":0,"name":"Shaded","section":"Shading Mode"},"sceneLighting":false,"audioPlay":false,"sceneViewState":{"m_AlwaysRefresh":false,"showFog":true,"showSkybox":false,"showFlares":true,"showImageEffects":true,"showParticleSystems":true,"showVisualEffectGraphs":true,"m_FxEnabled":true},"in2DMode":false,"pivot":{"x":-14.80434513092041,"y":1.4016916751861573,"z":17.219249725341798},"rotation":{"x":0.0072686998173594479,"y":0.9811871647834778,"z":-0.18921050429344178,"w":0.03769451752305031},"size":2.2713403701782228,"orthographic":false}