{"cameraMode":{"drawMode":0,"name":"Shaded","section":"Shading Mode"},"sceneLighting":false,"audioPlay":false,"sceneViewState":{"m_AlwaysRefresh":false,"showFog":true,"showSkybox":false,"showFlares":true,"showImageEffects":true,"showParticleSystems":true,"showVisualEffectGraphs":true,"m_FxEnabled":true},"in2DMode":false,"pivot":{"x":5.960464477539063e-8,"y":1.834841251373291,"z":0.4083225727081299},"rotation":{"x":0.10997732728719711,"y":-0.05959862098097801,"z":0.006610685493797064,"w":0.9921285510063171},"size":2.7649996280670168,"orthographic":false}