{"cameraMode":{"drawMode":0,"name":"Shaded","section":"Shading Mode"},"sceneLighting":false,"audioPlay":false,"sceneViewState":{"m_AlwaysRefresh":false,"showFog":true,"showSkybox":false,"showFlares":true,"showImageEffects":true,"showParticleSystems":true,"showVisualEffectGraphs":true,"m_FxEnabled":true},"in2DMode":false,"pivot":{"x":-5.869572162628174,"y":1.4738898277282715,"z":-0.3841947913169861},"rotation":{"x":0.1449553370475769,"y":-0.02077637054026127,"z":0.003047709120437503,"w":0.9892134070396423},"size":30.826208114624025,"orthographic":true}